{"Senti_Sum":{"3\/18\/2021":-0.8571428571,"3\/19\/2021":-0.3333333333,"3\/20\/2021":-2.0,"3\/21\/2021":0.0,"3\/22\/2021":-2.0,"3\/24\/2021":-0.4},"Tensi_Sum":{"3\/18\/2021":-1.1428571429,"3\/19\/2021":-0.6666666667,"3\/20\/2021":0.0,"3\/21\/2021":0.0,"3\/22\/2021":-1.0,"3\/24\/2021":-0.2}}